id,travel_category,Country,City,Landmark,Solo,Couple,Family,Friends,Business,Pilgrimage or heritage,Adventure,Cuisine,Sight Seeing,Nightlife,Shopping,Competitions,Plane,Bus,Car,Train,Walking,Hotel,Hostel,AirBnB,Camping,Villa,Cheap,Affordable,Luxury,Travel Duration,Summer,Winter,Spring,Autumn,Safety Concerns 
2,Trip Planning,,,,,,,,,,y,,,,,,,,y,,,,,,,,,,,4 Days,y,,,,
3,Places & Destinations,,Salt Lake City,,,,,,,,,,,,,,,,,,,,,,,,,,,,,y,,,
4,Places & Destinations,Morocco,,,,,,,,,,,,,,,,,,,,,,,,,,,,,,,,,
7,Tourist Activities & Experiences,US,,,,,,,,,y,,,,,,,,,,,y,,,,,,,,,,y,,,
8,Trip Planning,India,,Himalayas,,,,,,,,,,,,,,,,,,,,,,,,,,7 Days,,,,,
10,Places & Destinations,,,Beach,,,,,,,,,,,,,,,,,,,,,,,,,,,,,,,
11,Places & Destinations,Brazil,,,,,,,,,,,,,,,,,,,,,,,,,,,,,,,,,
15,Places & Destinations,,Cancun,,,,,,,,,,,,,,,,,,,,,,,,,,,,,,,,
16,Tourist Activities & Experiences,Mexico,Mexico City,,,,,,,,,,,,,,,,,,,,,,,,,,,,,,,,
17,Trip Planning,"{Portugal, Spain}",,,,,,,,,,,y,,,,,,,,,,,,,,,,,,,,,,
19,Transportation,"{US, Croatia}",,,,,,,,,,,,,,,,,,,,,,,,,,,,,,,,,
22,Trip Planning,,,,,,,,,,,,,,,,,,,,,,,,,,,,,,,,,,
24,Tourist Activities & Experiences,,New York,,,,,,,,,,,,,,,,,,,,,,,,,,,,,,,,
25,Places & Destinations,,,Island,,,,,,,,,,,,,,,,,,,,,,,,,,,,,,,
27,Places & Destinations,,Cancun,,,,,,,,,,,,,,,,,,,,,,,,,,,,,,,,
28,Tourist Activities & Experiences,,,,,,,,,,y,,,,,,,,,,,,,,,,,,,,,,,,
31,Accommodation,Switzerland,Zurich,,,,,,,,,,,,,,,,,,,y,,,,,,,y,,,,,,
32,Trip Planning,Europe,,,,,y,,,,,,,,,,,,,,,,,,,,,,,,,,,,
36,Trip Planning,Mexico,,,,,,,,,,,,,,,,,,,,,,,,,,,,,,,,,
37,Accommodation,,,,,,,,,,y,,,,,,,,,,,,,y,,,,,,,,,,,
38,Trip Planning,,Chicago,,,,,,,,,,,,,,,,,,,,,,,,,,,,,,,,
39,Travel Tips & Advice,,,,,,,,,,y,,,,,,,,,,,,,,y,,,,,,,,,,
40,Trip Planning,India,,,,,,,,,,,,,,,,,,,,,,,,,,,,,,,,,
44,Tourist Activities & Experiences,,,,,,,,,,y,,,,,,,,,,,y,,,,,,,,,,,,,
45,Tourist Activities & Experiences,,,,,,,,,,y,,,,,,,,,,,,,,,,,,,,,,,,
46,Places & Destinations,Bahamas,,Lighthouse,,,,,,,,,y,,,,,,,,,,,,,,,,,,,,,,
48,Trip Planning,Bahamas,,,,,,,,,,,,,,,,,,,,,,,,,,,,,,,,,
49,Places & Destinations,Mauritius,,,,,,,,,,,,,,,,,,,,,,,,,,,,,,,,,
50,Accommodation,,Salt Lake City,,,,,,,,,,,,,,,,,,,y,,,,,,,,,,,,,
51,Tourist Activities & Experiences,,,,,,,,,,y,,,,,,,,,,,,,,,,,,,,,,,,
53,Tourist Activities & Experiences,,,,,,,,,,y,,,,,,,,,,,,,,,,,,,,,,,,
56,Places & Destinations,,New York,,,,,,,,,,,,,,,,,,,,,,,,,,,,,,,,
62,Tourist Activities & Experiences,,Vermont,,,,,,,,y,,,,,,,,,,,,,,,,,,,,,,,,
66,Trip Planning,,,Grand Canyon,,,,y,,,y,,y,,,,,,y,,,,,,,,,y,,7 Days,,,,,
68,Travel Tips & Advice,,,Beach,,,,,,,,,,,,,,,,,,,,,,,,,,,,,,,
71,Tourist Activities & Experiences,Hawaii,Maui,,,,,,,,,,,,,,,,,,,,,,,,,,,,,,,,
74,Accommodation,,Munnar,,,,,,,,,,,,,,,,,,,y,,,,,,,,,,,,,
75,Trip Planning,,,Lake Tahoe,,,,,,,,,,,,,,,,,,,,,,,,,,,,,,,
77,Transportation,,,,,,,,,,,,,,,,,,y,,,,,,,,y,,,,,,,,
79,Accommodation,,Sakleshpur,,,,,,,,,,,,,,,,,,,y,,,,,,,,,,,,,
80,Trip Planning,US,Boston,,,,,,,,,,,,,,,,,,,,,,,,,,,,,,,,
86,Trip Planning,,Kerala,,,,,,,,y,,,,,,,,y,,,,,,,,,,,,,,,,
87,Places & Destinations,USA,,,,,,,,,,,,,,,,,,,,,,,,,,,,,,,,,
88,Places & Destinations,UK,Henley,,,,,,,,,,,,,,,,,,,,,,,,,,,,,,,,
89,Tourist Activities & Experiences,,,,,,,,,,,,y,,,,,,,,,,,,,,,,,,,,,,
91,Places & Destinations,India,,,,,,,,,,,,,,,,,,,,,,,,,,,,,,,,,
92,Food & Culture (Travel Context),,New York,,,,,,,,,y,,,,,,,,,,,,,,,,,,,,,,,
95,Travel Tips & Advice,,,,,,,,,,,,,,,,y,,,,,,,,,,,,,,,,,,
96,Tourist Activities & Experiences,Japan,,,,,,,,,,,,,,,,,,,,,,,,,,,,,,,y,,
97,Trip Planning,,,Fort Collins,,,,,,,,,y,,,,,,,,,,,,,,,,,,,,,,
98,Tourist Activities & Experiences,,,,,,,,,,y,,,,,,,,,,,,,,,,,,,,,,,,
99,Trip Planning,,,,,,,,,,,,,,,,,,,,,,,,,,,,,,,,,,
100,Travel Tips & Advice,,,,,,,,,,,,,,,,y,,,,,,,,,,,,,,,,,,
104,Trip Planning,Japan,,,,,,,,,,,y,,,,,,,,,,,,,,,,,5 Days,,,,,
106,Tourist Activities & Experiences,,Dover,,,,,,,,,,,,,,,,,,,,,,,,,,,,,,,,
107,Transportation,,San Francisco,,,,,,,,,,,,,,,,,,,,,,,,,,,,,,,,
111,Travel Tips & Advice,Italy,Gioia del Colle,,,,,,,,,,,,,,,,,,,,,,,,,,,,,,,,
112,Tourist Activities & Experiences,Vietnam,,,,,,,,,,,,,,,,,,,,,,,,,,,,,,,,,
113,Tourist Activities & Experiences,,,,,,,,,,y,,,,,,,,,,,,,,,,,,,,,,,,
114,Tourist Activities & Experiences,,New York,,,,,,,,,,,,,,,,,,,y,,,,,,,,,,,,,
115,Tourist Activities & Experiences,South Africa,,,,,,,,,y,,,,,,,,,,,,,,,,,,,,,,,,
116,Trip Planning,,Amsterdam,,,,,,,,,,,,,,,,,,,,,,,,,,,,,,,,
120,Trip Planning,Europe,,,,,,,,,,,,,,,,,,,,,,,,,,,,,,,,,
125,Trip Planning,,Sydney,,,,,,,,,,y,,,,,,,,,,,,,,,,,,,,,,
126,Travel Tips & Advice,,,,,,,,,,,,,,,,,,,,,,,,,,,,,,,,,,
127,Tourist Activities & Experiences,,,,,,,y,,,y,,,,,,,,,,,,,,,,,,,,,,,,
128,Trip Planning,,Las Vegas,,,,,y,,,,,,,,,,,,,,,,,,,,y,,7 Days,,,,,
132,Trip Planning,,,,,,,,,,,,,,,,,,,,,,,,,,,,,,,,,,
133,Tourist Activities & Experiences,,,,,,,,,,y,,,,,,,,,,,,,,,,,,,,,,,,
135,Travel Tips & Advice,Mexico,Mexico City,,,,,,,,,,,,,,,,,,,,,,,,,,,,,,,,
138,Trip Planning,,New Jersey,Beach,,,,,,,,,,,,,,,,,,,,,,,,,,,,,,,
140,Travel Tips & Advice,,,,,,,,y,,,,,,,,,,,,,,,,,,,,,,,,,,
141,Trip Planning,,,,,,,,,,,,,,,,,,,,,,,,,,,,,,,,,,
143,Trip Planning,Italy,,,,,,,,,,,,,,,,,,,,,,,,,,,,,,,,,
148,Places & Destinations,Spain,Pampaneira,,,,,,,,,,,,,,,,,,,,,,,,,,,,,,,,
149,Places & Destinations,Maldives,Maldives,,,,,,,,,,,,,,,,,,,,,,,,,,,,,,,,
150,Trip Planning,US,San Francisco,,,,,,,,,,,,,,,,,,,,,,,,,,,,,,,,
153,Trip Planning,England,London,,,,,,,,,,,,,,,,,,,,,,,,,,,,,,,,
154,Travel Tips & Advice,,,,,,,,,,,,,,,,,,,,,,,,,,,,,,,,,,
155,Trip Planning,,Los Angeles,,,,,,,,,,,,,,,,,,,,,,,,,,,,,,,,
156,Places & Destinations,,Key West,,,,,,,,,,,,,,,,,,,,,,,,,,,,,,,,
157,Places & Destinations,,Santorini,,,,,,,,,,,,,,,,,,,,,,,,,,,,,,,,
159,Food & Culture (Travel Context),,New Delhi,,,,,,,,,y,y,,,,,,,,,,,,,,,,,,,,,,
163,Places & Destinations,Bali,Bali,,,,y,,,,,,,,,,,,,,,,,,,,,,,,,,,,
165,Trip Planning,Germany,Boppard,,,,,,,,y,,,,,,,,,,,,,,y,,,,,,,,,,
166,Travel Tips & Advice,,,,y,,,,,,,,,,,,,,,,,,,,,,,,,,,,,,
167,Places & Destinations,Bahamas,,,,,,,,,,,,,,,,,,,,,,,,,,,,,,,,,
169,Accommodation,,,Lake,,,,,,,,,,,,,,,,,,,,y,,,,,,,,,,,
172,Trip Planning,US,New York,,,,,,,,,,,,,,,,,,,,,,,,,,,2 Days,,y,,,
183,Places & Destinations,,,National Parks,,,,,,,y,,,,,,,,,,,,,,,,,,,,,,,,
185,Tourist Activities & Experiences,,,,,,,,,,y,,,,,,,,,,,,,,,,,,,,,,,,
186,Trip Planning,Germany,,,,,,,,,,,,,,,,,,,,,,,,,,,,,,,,,
188,Travel Tips & Advice,,,,,,y,,,,,,,,,,,,,,,,,,,,,,,,,,,,
189,Tourist Activities & Experiences,,,,,,,,,,y,,,,,,,,,,,,,,,,,,,,,,,,
190,Places & Destinations,US,,,,,,,,,,,,,,,,,,,,,,,,,,,,,,,,,
196,Travel Costs & Budgeting,,,,,,,,,,,,,,,,,,,,,,,,,,y,,,,,,,,
197,Accommodation,,,,,y,,,,,,,,,,,,,,,,y,,,,,,,,,,,,,
199,Trip Planning,US,,,,,,,,,,,,,,,,,,,,,,,,,,,,,,,y,,
202,Tourist Activities & Experiences,,Amsterdam,,,,,,,,,,,,,,,,,,,,,,,,,,,2 Days,,,,,
204,Transportation,,Varanasi,,,,,,,,,,,,,,y,,y,y,,,,,,,,,,,,,,,
207,Travel Tips & Advice,,San Francisco,,,,,,,,,,,,y,,,,,,,,,,,,,,,,y,,,,
209,Transportation,Australia,,,,,,,,,,,,,,,y,,,,,,,,,,,,,,,,,,
210,Trip Planning,,Seattle,,,,,,,,,,,,,,,,,,,,,,,,,,,,,,,,
215,Travel Tips & Advice,,,,,,,,,,,,,,,,y,,,,,,,,,,,,,,,,,,
218,Trip Planning,,,,,,,,,,y,,,,,,,,y,,,y,,,,,y,,,4 Days,,,,,
222,Places & Destinations,US,,,,,,,,,,,,,,,,,y,,,,,,,,,,,14 Days,,,,,
224,Transportation,US,Philadelphia,,,,,,,,,,,,,,,,,y,,,,,,,,,,,,,,,
225,Trip Planning,Romania,,,,,,,,,,,,,,,,,,,,,,,,,,,,,,,,,
232,Transportation,US,Dallas,,,,,,,,,,,,,,,,,,,,,,,,,,,,,,,,
233,Tourist Activities & Experiences,US,Tiburon,,,,,,,,y,,,,,,,,,,,,,,,,,,,,,,,,
239,Tourist Activities & Experiences,US,San Francisco,Bay Area,,,,,,,y,,,,,,,,,,,,,,,,,,,,,,,,
241,Places & Destinations,Japan,,,,,,,,,,,,,,,,,,,,,,,,,,,,,,,,,
242,Transportation,Japan,,,,,,,,,,,,,,,,,,y,,,,,,,,,,,,,,,
243,Trip Planning,,,,,,y,,,,y,,,,,,,,y,,,,,,,,,,,,,,,,
248,Transportation,,San Francisco,,,,,,,,,,,,,,y,,,,,,,,,,,,,,,,,,
249,Trip Planning,,Salt Lake City,National Park,,,,,,,y,,,,,,,,y,,,,,,,,,,,,,,,,
252,Tourist Activities & Experiences,,,,,,,,,,y,,,,,,,,,,,,,,,,,,,,,,,,
256,Trip Planning,,Tokyo,,,,,,,,,,,,,,,,,,,,,,,,,,,,,,,,
257,Tourist Activities & Experiences,,San Francisco,Bay Area,,,,,,,,,,,,,,,,,,y,,,,,,,,,,,,,
259,Places & Destinations,US,,,,,,,,,,,,,,,,,,,,,,,,,,,,,,,,,
260,Transportation,US,Aspen,,,,,,,,y,,,,,,,,,,,y,,,,,,,,,,,,,
261,Trip Planning,Switzerland,,,,,,,,,,,,,,,,,,,,,,,,,,,,,,,,,
265,Food & Culture (Travel Context),US,Yountville,,,,,,,,,y,,,,,,,,,,,,,,,,,,,,,,,
268,Tourist Activities & Experiences,South Korea,Seoul,,,,,,,,,,,,,,,,,,,,,,,,,,,,,,,,
272,Places & Destinations,Australia,Marysville,,,,,,,,,,,,,,,,,,,,,,,,,,,,,,,,
273,Trip Planning,,,,,y,,,,,,,,,,,,,,,,,,,,,,,,,,,,,
275,Trip Planning,US,"{Vancouver, Portland}",,,,,,,,,,,,,,,,,,,,,,,,,,,1 Days,,,,,
276,Transportation,Germany,Munich,,,,,,,,,,,,,,y,,,,,,,,,,,,,,,,,,
494,Places & Destinations,USA,Seattle,,,,,,,,y,y,y,,,,,,,,,,,,,,,,,48 hours,,,y,y,
500,Places & Destinations,,Los Angeles,,,,,,,,,,,,,,,,,,,,,,,,,,,15 days,,,,,
501,Food & Culture (Travel Context),Vietnam,Ho Chi Minh,,,,,,,y,,y,y,,,,,,,,y,,,,,,,,,,,,,,
508,Places & Destinations,USA,Seattle,,,,,,,,,y,,,,,,,,,,,,,,,,,,,y,,,,
542,Travel Tips & Advice,"USA, Canada , Costa Rica","Hawaii, Alaska, Washington, Arizona, Quecbec, Costa Rica",,,y,,,,,,,,,,,,,,,,,,,,,Y,y,,,,,,,
547,Travel Costs & Budgeting,"Croatia, Portugal, Slovenia, Cyprus, Poland",,,,,y,,,,,,y,,,,,,,,,,,,,,Y,y,,,,,,,
554,Places & Destinations,US,New York,,,,,,,,,,y,y,,,,,,y,y,,,,,,,,,,,,,,
558,Trip Planning,Canada,"Montreal, Oregon, Illinois, Washington",,,,,,,,,,,y,,,,y,,y,y,,,,,,,y,,,,,,,
562,Trip Planning,South - East Asia,,,,,,,,,,y,,y,,,,,,,,,,,,,y,,,,,,,,
3072,Food & Culture (Travel Context),,,,,,,,,,,y,y,y,,,,y,,y,,,,,,,,,,,,,,,
567,Places & Destinations,"Thailand, Vietnam, Peru, Morocco, Portugal, Greece",,,,y,,,,,,,,y,,,,,,,,,,,,,y,,,,,,,,
572,Travel Costs & Budgeting,"Costa Rica, Mexico, Poland, Slovenia, Ecuador, Greece, Italy, Spain",,,,y,,,,,,,y,,,,,,,,,,,,,,y,,,,,,,,
593,Tourist Activities & Experiences,"Peru, New Zealand, India ",,Mountains ,,,,,,,y Hiking,,,,,,,,,,,,,,y,,,,,,,,,,
915,Tourist Activities & Experiences,Saudi Arabia,Jeddah,,,,y,,,,,,y,,,,,,,,,,,,,,Y,Y,,,,Y,,,
946,Places & Destinations,,LA,,,,,,,,,,,,,,,,,,,,,,,,,,,,,,,,
951,Places & Destinations,Germany,Gottingen,,,,,,,,,,,,,,,,,,,y,,,,,,,,,,,,,
952,Food & Culture (Travel Context),England,London,,,,,,,,,y,,,,,,,,,,,,,,,,,y,,,,,,
980,Food & Culture (Travel Context),India,Bengaluru,,y,,y,,,y,,y,y,,y,,,y,y,,y,y,,,,,y,y,,,,,,,
1009,Travel Costs & Budgeting ,"India, Thailand, Morocco, Peru, Vietnam ",,,,,,,,,,y,,y,,,,,,,,,,,,,y,,,,,,,,
1072,Trip Planning,USA,Arizona,Grand Canyon,,,,,,,y Hiking,,,,,,,,,,,,,,y,,,,,,,,y,y,
1073,Places & Destinations,USA,Denver,Rocky Mountains,,,,,,,y Hiking,,,,,,,,,y,,,,,y,,,,,,,,,,
1074,Places & Destinations,Italy,"Venice, Tusacny, Amalfi Coast, Rome",Lake Como,,y,,,,,,"y (Wine, Pizza, Seafood)",y,,,,,,,,y,,,,,,,,,,,,,,
1075,Places & Destinations,Phillipines,Coron,"Coron Island, Mount Tapyas, Maquint Hot Springs, Beach, Islands, ",,,y,y,,,y Snorkeling,,y,,,,,,y,,y,y,,,,y,,y,y,,y,,y,,
3039,Places & Destinations,Australia,,,,,y,y,,,y Surfing,y,y,y,,y,,,y,y,,y,,,y,y,,,,,,,y,,
1076,Places & Destinations,USA,California (northern),"Sierra Nevada Mountains, Beaches, Rivers, Golden Gate Bridge",,,y,y,,,"y Skiing, snowboarding, Rafting, Surfing",,,,,,,,,,,,,,,,,,,,y,y,y,y,
1077,Transportation,Japan,,,,,,,,,,,,y,,,y,y,y,y,,,,,,,,,,,,,,,
1078,Tourist Activities & Experiences,Australia,"Cairns, Melbourne, Gold Coast","Beaches, Rivers, Bay, Mountains, Great Barrier Reef",,,,,,,"y (Hiking,Rock Climbing,Rafting,Canyoning, Scuba Diving,Bungy Jumping)",,,,,,,,,,,,,,,,,,,,,,,,
488,Places & Destinations,India,Port Blair,,,,y,,,,y,,y,,,,,y,y,,,,,,,,,,,,,,,,
1079,Places & Destinations,USA,Florida,Orlando (Water Parks),,,y,,,,,,,,,,,,,,,,,,,,,,,,y,,,,
1080,Places & Destinations,Europe,"France, Switzerland, Italy, Austria, Spain, Slovakia, Poland","Alps, Pyrenees, Tatra, Dolomites, Sierra Nevada",y,y,y,y,,,y Skiing,,y,,,,,,,,,y,,,,,y,y,,,,,,,
1081,Places & Destinations,USA,Florida,Orlando (Amusement Parks),,,y,,,,,,,,,,,,,,,,,,,,,,,,y,,,,
1082,Transportation,Turkey,Istanbul,Beaches,,,y,,,,,y,y,,,,,y,y,,,y,,,,,,y,,,,,,,
1083,Places & Destinations,USA,San Francisco,"Golden Gate Bridge, Forests, Beach",y,y,y,y,,,y Hiking,y,,,y,,,,y,,y,,,,,,,,,,,,,,
1084,Tourist Activities & Experiences,USA,Las Vegas,,y,y,,y,,,,,,y,y,,,,y,,y,y,,,,,,y,y,,,,,,
1085,Transportation,USA,Miami,,,,,,,,,,,y,,,,y,,y,y,y,,,,,y,y,y,,,,,,
1086,Places & Destinations,New Zealand,,"Milford Sound, National Parks, Caves, Rocks, Beaches",,,,,,,"y Hiking trails, Kayaking",y,y,,,,,,,,,,,,,,,,,,,,,,
1087,Places & Destinations,Italy,"Le Marche, Basilicata, Maremma, Sicily Aeolian Islands","Mountains, Lake Como, Umbrain countryside",,,,,,,y ,y,,,,,,,,,,,,,,,,,,,,,,,
459,Places & Destinations,Peru,Machu Pichhu,,,,,,,y,,,y,,,,,,,,,,,,,,,,,,,,,,
1088,Places & Destinations,Netherlands,Amsterdam,,,,,,,,,,,,,,,,,,y,y,,,,,y,y,,,,,,,
1089,Places & Destinations,Thailand,,Beaches,y,y,y,y,,,"y (snorkeling, jungle hiking, kayaking)",,,,,,,,,,,,,,,,,,,,y,,,,
1091,Food & Culture (Travel Context),England,Bath,,,,,,,,,,,,,,,,,,,y,,,,,,,y,,,,,,
1092,Places & Destinations,USA,New York,,,,,,,,,,,,,,,,,,,y,,,,,,y,y,,,,,,
1093,Transportation,USA,Las Vegas,,,,,,,,,,,,,,,y,y,,,,,,,,,,,,,,,,
1094,Places & Destinations,Thailand,"Chiang Rai, Pai, Nan Kanchanburi, Loei",,y,y,y,y,,y,,y (Thai),y,,y,,,,,,,,,,,,,,,,,,,,
448,Travel Tips & Advice,US,Florida,,,,,,,,,,,,,,,,,,,,,,,,,,,,,,,,
1095,Places & Destinations,US,Florida,"Orlando (Science centre, Museum, Zoo, lakes, Botanical Gardens, LegoLand)",,,y,,,,,,,,,y (Educational),,,,,,,,,,,,,,,,,,,
,,,,,,,,,,,,,,,,,,,,,,,,,,,,,,,,,,,
1097,Places & Destinations,Canada,Alberta,Banff,y,y,y,,,,y Hiking,,,,,,,,,,,,,,y,,,,,,,,,,
1098,Places & Destinations,Mexico,,,,,,,,y,,y,y,y,y,,,,,,,y,,,,,y,y,y,,,,,,
1099,Places & Destinations,Caribbean,"St. Lucia, Nevis, Turks and Caicos, St. barts, Anguilla, Dominica","Mountains, rainforests, beaches, islands, beach clubs, resorts",y,y,,y,,,"y (snorkeling, sailing)",,y,y,,,,,y,,,y,,,,,y,y,y,,y,,,,
1100,Transportation,Australia,Sydney,Beaches,y,y,,y,,,"y (snorkeling, sailing)",,,y,,,,,,,,,,,,,,,,,,,,,
1101,Places & Destinations,USA,Maine,Beaches,,,,,,,y (kayaking),,,,,,,,,,,,,,,,,,,,y,,,,
1102,Accommodation,India,Kerala,"Beaches, Rainforest",,,,,,,,y,y,,,,,,,,,y,,,,,,,y,,,,,,
1103,Places & Destinations,USA,Seattle,,,,,,,,,y,,,,,,,,,,y,,,,,,y,,,,,,,
1104,Trip Planning,Italy,Rome,"Colosseum, Pantheon, St Peter's Basilica, Trevi Fountain, Piazza Navona, Castel Sant' Angelo",,,,,,y,,y,y,,,,,,,,,,,,,,,,,,,,,,
1113,Transportation,Scottish Borders ,,,,,,,,,,,,,,,y,y,y,y,,,,,,,,,,,,,,,
1119,Places & Destinations,USA,New York,,,,,,,,,,y,,,,,,,,y,,,,,,,,,,,,,,
1120,Travel Costs & Budgeting,United States,"Florida, Texas, Missouri, Tennesee, Colorado, South Carolina","National Parks, Theme Parks, Amusement Parks ",y,y,y,y,,,y,,y,,,,,,,,,y,,,,,y,y,,,,,,,
1121,Accommodation,Thailand,Bangkok,,,,,,,,,,,,,,,,,,,y,,,,,,,y,,,,,,
1125,Trip Planning,,Maui,,,,,,,,Snorkeling,,,,,,,,,,,,,,,,,,,,Y,,Y,Y,
1134,Travel Tips & Advice,South Africa,Cape Town and Johannesburg - high crime rates ,    ,"Kruger National Park , kwaZulu Natal - malaria pills",,,,,,,,,,y,,,,,,,,,,,,,,,,,Y,,,
1136,Places & Destinations,France,Paris,,,Y,Y,,,,,,Y,,Y,,,,Y,Y,,,,,,,,Y,Y,,,,,,
1141,Places & Destinations,australia,Sydney,,,,y,,,,,,y,,,,,,,,,,,,,,,,,,,,,,
1142,Places & Destinations,Hawaii,,,,,y,,,,,,,,,,,,,,,,,,,,,,,,,,,,
1143,Places & Destinations,South Africa,Cape Town,,,,,,,,y,,,,,,,,,,,,,,,,,,,,,,,,
1150,Trip Planning,India,Uttar Pradesh,Taj Mahal,,,,,,,,,,,,,,,,,,,,,,,,,,,,y,y,y,
1152,Travel Tips & Advice,India,islama,,y,,,,,,,,,y,,,,,,,,,,,,,,,,,,,,,y
,Travel Tips & Advice,Thailand,"Bangkok, ",,,,,,,,,,,y,,,,,,,,,,,,,,,,,,,,,
1175,Places & Destinations,Switzerland,,Alps,,,,,,,Skiing,,,,,,,,,,,y,,,,,,,Y,,,,,,
1251,Travel Tips & Advice,Colombia,,,,,,,,,,y Coffee,Y,,Y,,,,y,,,,,,,,,,,,,,,,
1252,Travel Services & Infrastructure,Australia,Sydney,,,,,,,,,,,,,,,,,,,,,,,,,,,,y,,y,,
1258,Travel Tips & Advice,Iceland,Grindavik,Blue Lagoon spa,,,,,,,,y,,,y,,,y,y,,,,,,,,,,y,,y,,,,
1260,Travel Tips & Advice,England,London,Musuems,y,,y,,,,,,y,,,,,,,,,,,,,,,,,,,,,,
1263,Travel Services & Infrastructure,,,,,,,,,,,,,,,,,,,,,,,,,,,,,,,,,,
1281,Tourist Activities & Experiences,UAE,Dubai,,,,,,,,,,y,,,,,,,,,,,,,,,,y,,,,,,
1466,Tourist Activities & Experiences,"New Zealand, Iceland, Bali, Melbourne",,,y,,,,,,,,,y,,,,,,,,,,,,,,,,,,,,,n
1959,Accommodation,USA,LA,Yellowstone National Park,,,,,,,y Hiking ,,,,,,,,,,,,,,y,,,,,,y,,,,
1983,Places & Destinations,Canada,Toronto,,,,y,,,,,,y,,,,,,,,,,,,,,y,y,,,,,,,
1997,Places & Destinations,Netherlands,Amsterdam,,,,,,,,,,Y,,,,,,,,,,,,,,,,,,,,,,
1998,Places & Destinations,Hawaii,Maui,Beaches,,,,,,,y,,y,y,y,,,,,,,,,,,,,,,,,,,,
2003,Places & Destinations,Singapore,Singapore,,,,y,,,,,,Y,,,,,,,,,,,,,,,Y,,,,,,,
2009,Places & Destinations,"Iceland, New Zealand, Costa Rica, Bali, Thailand, Portugal",,,y,,,,,,,,y,,,,,y,y,y,y,,,,,,,,,,,,,,
2081,Tourist Activities & Experiences,USA,New York,Times Square,,,,,,,,,y,,,,,,,,,,,,,,,,,,,,,,
2082,Tourist Activities & Experiences,Iceland,,,,,,,,,y ,,y,,,,,,,,,,,,,,,,,,,,,,
2084,Places & Destinations,Australia,,Great Barrier Reef,,,,,,,y Scuba Diving,y,,,,,,,,,,,,,,,,,,,y,,y,y,
2093,Accommodation,Vienna,Salzburg,,,,y,,,,,y,y,,,,,,,,,y,,,,,,,y,,y,,y,y,
2132,Tourist Activities & Experiences,Hawaii,,,,,,,,,"Y Snorkeling, kayaking , Scuba Diving, Surfing ",,,,,,,,,,,,,,,,,,,,,,,,
2138,Food & Culture (Travel Context),Tibet,,,Y,Y,Y,,,Y,,Y,Y,,,,,,,,,,,,,,,,,,Y,,,Y,
2176,Tourist Activities & Experiences,India,Nainital,JIm Corbett National Park,y,,y,,,,,,y,,,,,,,,,,,,y,,,,,,,y,,,
2222,Accommodation,Indonesia ,Bali,,,,,,,,,,,,,,,,,,,y,,,,,,y,y,,,,,,
2223,Travel Costs & Budgeting,,,,,,,,,,,,,y,,,,,,,,,,,,,y,,,,,,,,
352,Travel Tips & Advice,Switzerland,Davos,,,,y,,y,,y,,,y,,,,,,,,,,,,y,,,y,,,,,,
2232,Places & Destinations,Thailand,Bangkok,,,,,,,y,,,,,,,,Y,Y,Y,Y,,,,,,,,,,,,,,
2235,Places & Destinations,Switzerland,LA,,,,,,,,,,,,,,,,,,,y,,,,,,,,,,,,,
2236,Places & Destinations,Brazil,Rio de Janeiro,,,,,,,,y,,y,,,,,,,,,,,,,,,,,,,,,,
2655,Food & Culture (Travel Context),Japan,Tokyo,,,,,,,y,,y Seafood,y,y,y,,,y,y,y,,y,,,y,,y,,y,,,,y,,
2664,Transportation,China,LA,,,,,,,,,Chinese,,y,,,,,,,,y,,,,,,,,,,,,,
2683,Travel Tips & Advice,US,LA,,,,,,,,,,,y,,,,,,,,,,,,,,,,,,,,,
2823,Food & Culture (Travel Context),US,LA,,,,,,,,,Street Food,y,y,y,,,y,y,y,y,,,,y,,y,y,,,,,,,
2845,Travel Tips & Advice,Argentina,Paris,,,,,,,Mecca,,American,y,y,y,,,,,,y,y,y,,y,y,y,y,y,,,,y,,
2904,Places & Destinations,Thailand,LA,,,,,,,,,Thai,,y,,,,,,,,,,,,,,,,,,,,,
3007,Accommodation,US,Florida ,DisneyWorld,,,y,,,,y,,,,y,,,y,y,y,y,y,,,,y,,,y,,y,,,,
2961,Transportation,England ,London,,,,,,,,,y,y,,,,,y,,y,y,,,,,,,,y,,y,,y,,
3068,Food & Culture (Travel Context),Japan,Tokyo,"Shibuya Scramble Crossing, Mount Fuji, Gardens",y,,y,y,,Y,,y seafood,y,y,y,,,y,,y,y,,,,,,,,,,y,,y,y,
3114,Travel Tips & Advice,Spain,Barcelona,,,,,,,,,y,,y,,,,,,,,y,,,,,,,,,,,,,Y
3116,Places & Destinations,Italy,Tuscany,,,,y,,,,y,y,y,y,y,,,,,y,y,y,,,,y,y,y,y,,,,y,,
3117,Food & Culture (Travel Context),Spain,Barcelona,"Church, Musuem",,,,,,,,y,,y,y,,,,,y,y,,,,,,,,,,,,,,
3119,Travel Tips & Advice,US,LA,,,,,,,,,y,,,,,,,,,,,,,y,,,,,,,,,,
3120,Tourist Activities & Experiences,USA,CA,,,,y,,,,Y Hiking KAYAKING ,y,,,y,Marathon,,,y,y,,y,,,y,,y,,,4 days,,,,,
3126,Trip Planning,,LA,Yellowstone,,,y,,,,,y,,,,,,,,y,,y,,,,,y,,,5 days,,,,,
3128,Accommodation,,,,,,y,,,,,,,,,,,,,,,,,,,,,,,,,,,,
3129,Food & Culture (Travel Context),India,Goa,,,,,,,,,y,,y,,,,,,,,y,,,,,,,,,,,,,
3131,Travel Tips & Advice,,,,,,,,,,Hiking,,,,,,,,y,,,,,,y,,,,,1 day,,,,,
3132,Travel Tips & Advice,,,,,,,,,,,y,,,,,,,,,,y,,,,,,,,,,,,,
3134,Tourist Activities & Experiences,,,,,,,,,y,,y,,,,,,,,,,y,,,,,,,,,,,,,
3135,Places & Destinations,,,,,,,,,,,,,,,,,,,,,,,,,,,,,2 weeks,,,,,
3136,Tourist Activities & Experiences,,,,,,,,,,,,,,,,,,,,,,,,y,,,,,,,,,,
3139,Tourist Activities & Experiences,Australia,Melborne,,,,,,,,y,y,,,,,,,,,,y,,,,,y,,,,,,,,
3140,Food & Culture (Travel Context),Mexico,,,,,,,,y,y,Mexican,,,,,,,,,,y,,,y,,y,,,,,,,,
3142,Places & Destinations,US,Nashville,,y,,,,,,y,y,y,y,y,,,,,,,y,,,,,,,,,,,,,
3143,Places & Destinations,,,,,,,,,,,,,,,,,,,,,y,,,,,,,,2 week,,,,,
3144,Travel Tips & Advice,Japan,,,,,,,,,,y,y,y,,,,,,,,y,,,,,,,,,,,,,
3145,Travel Tips & Advice,southeast asia,,,,,,,,y,,y,,,,,,,,,,y,,,,,y,,,,,,,,
3146,Places & Destinations,,,,,,,,,,beach,,,,,,,,,,,,,,,,,,,,,,,,
3147,Places & Destinations,US,LA,,,,,y,,,Hiking,y,y,y,y,,y,y,,y,y,y,,,,,y,y,y,7 days,,,y,,
3150,Food & Culture (Travel Context),Japan,,,,,,,,y,,Japanese,y,y,,,,,,,,,,,,,,,,,,,,,
3151,Tourist Activities & Experiences,,,,,,y,,,,amusement park,y,,,,,,,,,,,,,,,,,,,,,,,
3152,Travel Tips & Advice,,,,,,,,,,Hiking,,,,,,,,,,,,,,y,,,,,,,,,,
3154,Travel Tips & Advice,,,,,,,,,,,y,,y,,,,,,,,y,,,,,,,,,,,,,
3156,Trip Planning,US,,,,,,,,,Hiking,,,,,,,,,,,,,,y,,,,,5 days,,,,,
3158,Food & Culture (Travel Context),USA,,,,,,,,,,y,,,,,,y,y,,,,,,,,,,,4 weeks,,,,,
3161,Travel Tips & Advice,US,New York,,,,,,,,,y,,y,,,,,,,,y,,,,,,,,3 days,,,,,
3162,Transportation,,,,,,,,,,,,,,,,,,,,,,,,,,,,,,,,,,
3165,Places & Destinations,,tropical,,,,,,,,,,,,,,,,,,,,,,,,,,,7 days,,,,,
3168,Food & Culture (Travel Context),europe,,,,,,,,,,,,,,,,,,,,y,,,,,,,,2 weeks,,,,,
3170,Places & Destinations,,arctic,,,,,,,,y,,,,,,,,,,,,,,,,,,,,,,,,
3172,Places & Destinations,,,,,,,,,,Hiking,,,,,,,,,,,,,,y,,,,,,,,,,
3173,Travel Tips & Advice,,,,,,,,,,,y,,,,,,,,,,,,,,,,,,,,,,,
3174,Travel Costs & Budgeting,,,,,,y,,,,,,,,,,,,,,,y,,,,,y,,,,,,,,
3175,Places & Destinations,,,,,,,,,,y,y,,,,,,,,,,y,,,,,,,,,,y,,,
3176,Trip Planning,,,,,,,,,,,,,,,,,,,,,,,,,,,,,,,,,,
3177,Trip Planning,,,,,,,,,,Hiking,,,,,,,,,,y,,,,y,,,,,,,,,,
3178,Places & Destinations,,,,,,,,,,y,y,,y,,,,,,,,y,,,,,,,,,,,,,
3179,Places & Destinations,,,,,,,,y,,,,,,,,,,,,,,,,,,,,,,,,,,
3181,Places & Destinations,,,,,,,,,,,,,y,,,,,,,,,,,,,y,,,,,,,,
3182,Places & Destinations,,,,,y,,,,,,y,,y,,,,,,,,y,,,,,,,,,,,,,
3183,Trip Planning,,,,,,,,,,,y,,,,,,,y,,,,,,,,,,,1,,,,,
3184,Transportation,US,Chicago,,y,,,,y,,,y,,y,,,,,,,,y,,,,,,,y,3 days,,,,,
3185,Tourist Activities & Experiences,New Zealand,,"Bay of islands, Sothern alps",y,,y,y,,,Hiking,y,y,y,,,,,,,,,,,y,,y,,,,,,,,
3186,Places & Destinations,Australia,"Sydney,Melborne",,,,y,,,,,y,y,,,,,,,,,y,,,,,y,,,2 weeks,,,,,
3188,Places & Destinations,US,New York,,,,,,,,y,y,,,,,,,,,,y,,,,,y,,,7 days,,y,,,
3189,Places & Destinations,,,,,,,,,,horse riding,,,,,,,,,,,,,,,,,,,,,,,,
3191,Places & Destinations,France,Paris,,,,,,,,,y,,,,,,,,y,,y,,,,,y,,,,,,,,
3192,Travel Tips & Advice,,,,,,,,,,y,y,,,,,,,,,,,,,,,,,,,,,,,
3193,Tourist Activities & Experiences,,,,y,,,,,,,,,,,,,,,,,,,,,,,,,,,,,,
3195,Places & Destinations,,,,,,,,,,y,y,,,,,,,,,,y,,,,,,,,weekend,,,,,
3196,Accommodation,Europe,,,,y,,,,,,y,y,y,y,,,,,y,y,,,,y,y,y,,y,2 weeks,,,,,
3197,Tourist Activities & Experiences,,,,,,,,,,,,,,,,,,,,,,,,,,,,,,,,,,
3200,Places & Destinations,,,,,,,,,,boating,,,,,,,,,,,,,,,,,,,,,,,,
3201,Travel Tips & Advice,,,,,,,,,,,,,,,,,,,,,,,,,,,,,>1day,,,,,
3202,Food & Culture (Travel Context),,,,,,,,,,,y,y,y,,,,y,y,y,,y,,,,,y,y,,6 nights,,,,,
3203,Places & Destinations,,,,y,,,,,,,y,,,,,,,,,,,,,,,,,,,,,,,
3204,Places & Destinations,Europe,"Paris, Barcelona, ",,,,y,,,,,y,,y,,,,,,,,,,,,,,,,2 weeks,y,,,,
3205,Places & Destinations,,,,y,,,,,,,y,y,,,,,,,y,,Marriott,,,,,,y,,,,,,,
3206,Places & Destinations,"France,Italy,Switzerland,netherlands","Paris,Rome,Florence,Interlaken,Amsterdam","Eiffel Tower,Van Gogh museum, Bernes Alps, Roman Forum, ",,,,,,,Snowboarding,Pizza,y,y,y,,Ana,,y,y,y,y,y,,,y,y,,,4 nights,,y,,,
3207,Places & Destinations,,,,,,,,,,,y,,y,,,,,,,,y,,,,,y,,,3 days,,,,,
3208,Trip Planning,USA,Yosemite,Yosemite,,,,,,,Hiking,y,,,,,,,,,,,,,y,,,,,3days,,,,,
3209,Trip Planning,India,,Himalayas,,,,,,y,Hiking,Vegetarian,y,,,,,,,,y,y,,,y,,,,,21 days,,,,,
3210,Travel Services & Infrastructure,,,,,,y,,,,,Caribbean,,y,,,,,y,,,,,,,,,,,7 days,,,,,
3211,Food & Culture (Travel Context),US,Seattle,"The Emarald city, Pike place market, space needle",,,,y,,,,Italian,y,y,y,,,y,y,,,y,,,y,,,,,,,,y,,
3212,Trip Planning,,,,y,,,,,,Hiking,,,,,,,,,,,,,,y,,,,,,,,,,
3214,Places & Destinations,France,Paris,Eiffel Tower,,y,,,,,,French,y,y,y,,,y,,y,y,y,,,,,y,y,,,y,,y,,
3215,Food & Culture (Travel Context),,New York,,,,,,,,,Chinese,,,,,,,,,,y,,,,,,,,,,,,,
